"city","total_review","Avg_stars"
"Las Vegas",1016377,3.47828666350261
"Phoenix",352488,3.4589015849613
"Scottsdale",181845,3.69763694951665
"Charlotte",175125,3.40594566888775
"Pittsburgh",134834,3.54633431085044
"Tempe",96674,3.49768875192604
"Henderson",91518,3.42654867256637
"Mesa",75208,3.34386391251519
"Chandler",69480,3.46611721611722
"Cleveland",69239,3.48523985239852
