"state","total_review","Avg_stars"
"NV",1138113,3.45754255527294
"AZ",976055,3.44290002610285
"NC",228478,3.38981979133734
"OH",191923,3.4205707491082
"PA",171517,3.51708233686368
"WI",76685,3.47639484978541
"IL",22894,3.34978070175439
"SC",11622,3.26615969581749
"NY",95,3.58333333333333
"NM",14,2.5
